LP-091-2015-06603,55641021e4b08bfa180169ec
LP-091-2015-06603,55641021e4b08bfa180169ed
LP-091-2015-06603,55641021e4b08bfa180169ee
LP-091-2015-06603,55641021e4b08bfa180169ef
LP-091-2015-06603,55641021e4b08bfa180169f0
LP-091-2015-06603,55641021e4b08bfa180169f1
LP-091-2015-06603,55641021e4b08bfa180169f2
LP-091-2015-06603,55641021e4b08bfa180169f3
LP-091-2015-06882,55640cebe4b08bfa18013490
LP-091-2015-06882,55640cebe4b08bfa18013491
LP-091-2015-06882,55640cebe4b08bfa18013492
LP-091-2015-06882,55640cebe4b08bfa18013493
LP-091-2015-06882,55640cebe4b08bfa18013494
LP-092-2015-00324,54cb39b2e4b0df5d116fad08
LP-092-2015-00324,54cb39b2e4b0df5d116fad09
LP-092-2015-00324,54cb39b2e4b0df5d116fad0a
LP-092-2015-00324,54cb39b2e4b0df5d116fad0b
LP-092-2015-00324,54cb39b2e4b0df5d116fad0c
LP-092-2015-00324,54cb39b2e4b0df5d116fad0d
LP-092-2015-00679,54cb39b2e4b0df5d116fad05
LP-092-2015-00679,54cb39b2e4b0df5d116fad06
LP-092-2015-00679,54cb39b2e4b0df5d116fad07
LP-092-2015-00679,54cb39b2e4b0df5d116fad08
LP-092-2015-00679,54cb39b2e4b0df5d116fad09
LP-092-2015-00679,54cb39b2e4b0df5d116fad0a
LP-092-2015-00679,54cb39b2e4b0df5d116fad0b
LP-092-2015-00679,54cb39b2e4b0df5d116fad0c
LP-092-2015-00679,54cb39b2e4b0df5d116fad0d
LP-092-2015-00833,54dc5d3be4b0eee76c0dcb10
LP-092-2015-00833,54dc5d3be4b0eee76c0dcb13
LP-092-2015-00833,54dc5d3be4b0eee76c0dcb18
LP-092-2015-00833,54dc5d3be4b0eee76c0dcb19
LP-092-2015-00833,54dc5d3be4b0eee76c0dcb1a
LP-092-2015-00833,54dc5d3be4b0eee76c0dcb1b
LP-092-2015-00833,54dc5d3be4b0eee76c0dcb1c
LP-092-2015-00867,54f6b5e6e4b0880be55e03ac
LP-092-2015-00867,54f6b5e6e4b0880be55e03ad
LP-092-2015-00867,54f6b5e6e4b0880be55e03af
LP-092-2015-00867,54f6b5e6e4b0880be55e03b2
LP-092-2015-00867,54f6b5e6e4b0880be55e03b3
LP-092-2015-00867,54f6b5e6e4b0880be55e03b4
LP-092-2015-00867,54f6b5e6e4b0880be55e03b5
LP-092-2015-00867,54f6b5e6e4b0880be55e03b6
LP-092-2015-00869,54f6b5e6e4b0880be55e03aa
LP-092-2015-00869,54f6b5e6e4b0880be55e03ab
LP-092-2015-00869,54f6b5e6e4b0880be55e03ac
LP-092-2015-00869,54f6b5e6e4b0880be55e03ad
LP-092-2015-00869,54f6b5e6e4b0880be55e03ae
LP-092-2015-00869,54f6b5e6e4b0880be55e03af
LP-092-2015-00869,54f6b5e6e4b0880be55e03b0
LP-092-2015-00869,54f6b5e6e4b0880be55e03b1
LP-092-2015-00869,54f6b5e6e4b0880be55e03b2
LP-092-2015-00869,54f6b5e6e4b0880be55e03b3
LP-092-2015-00869,54f6b5e6e4b0880be55e03b4
LP-092-2015-00869,54f6b5e6e4b0880be55e03b5
LP-092-2015-00869,54f6b5e6e4b0880be55e03b6
LP-092-2015-01314,551b6db1e4b058978d9f7963
LP-092-2015-01314,551b6db1e4b058978d9f7966
LP-092-2015-01314,551b6db1e4b058978d9f7967
LP-092-2015-01314,551b6db1e4b058978d9f7968
LP-092-2015-01314,551b6db1e4b058978d9f7969
LP-092-2015-01314,551b6db1e4b058978d9f796a
LP-092-2015-01487,555c06dfe4b0aa5de4111054
LP-092-2015-01487,555c06dfe4b0aa5de4111055
LP-092-2015-01487,555c06dfe4b0aa5de4111056
LP-092-2015-01487,555c06dfe4b0aa5de4111057
LP-092-2015-01487,555c06dfe4b0aa5de4111058
LP-092-2015-01487,555c06dfe4b0aa5de411105a
LP-092-2015-01487,555c06dfe4b0aa5de411105b
LP-092-2015-01487,555c06dfe4b0aa5de411105c
LP-092-2015-01487,555c06dfe4b0aa5de411105d
LP-092-2015-01487,555c06dfe4b0aa5de411105e
LP-092-2015-01487,555c06dfe4b0aa5de411105f
LP-092-2015-01496,559ca07ee4b0918f1004ea13
LP-092-2015-01496,559ca07ee4b0918f1004ea14
LP-092-2015-01496,559ca07ee4b0918f1004ea1a
LP-092-2015-01496,559ca07ee4b0918f1004ea1b
LP-092-2015-01496,559ca07ee4b0918f1004ea1c
LP-092-2015-01496,559ca07ee4b0918f1004ea1d
LP-092-2015-01496,559ca07ee4b0918f1004ea1e
LP-092-2015-01562,55517ae1e4b0fc474b7e246a
LP-092-2015-01562,55517ae1e4b0fc474b7e246f
LP-092-2015-01562,55517ae1e4b0fc474b7e2470
LP-092-2015-01562,55517ae1e4b0fc474b7e2471
LP-092-2015-01562,55517ae1e4b0fc474b7e2472
LP-092-2015-01562,55517ae1e4b0fc474b7e2473
LP-092-2015-01562,55517ae1e4b0fc474b7e2474
LP-092-2015-01562,55517ae1e4b0fc474b7e2475
LP-092-2015-01563,55517ae1e4b0fc474b7e2468
LP-092-2015-01563,55517ae1e4b0fc474b7e2469
LP-092-2015-01563,55517ae1e4b0fc474b7e246a
LP-092-2015-01563,55517ae1e4b0fc474b7e246b
LP-092-2015-01563,55517ae1e4b0fc474b7e246c
LP-092-2015-01563,55517ae1e4b0fc474b7e246d
LP-092-2015-01563,55517ae1e4b0fc474b7e246e
LP-092-2015-01563,55517ae1e4b0fc474b7e246f
LP-092-2015-01563,55517ae1e4b0fc474b7e2470
LP-092-2015-01563,55517ae1e4b0fc474b7e2471
LP-092-2015-01563,55517ae1e4b0fc474b7e2472
LP-092-2015-01563,55517ae1e4b0fc474b7e2473
LP-092-2015-01563,55517ae1e4b0fc474b7e2474
LP-092-2015-01563,55517ae1e4b0fc474b7e2475
LP-092-2015-01806,5579260ae4b0995d5089adb8
LP-092-2015-01806,5579260ae4b0995d5089adb9
LP-092-2015-01806,5579260ae4b0995d5089adba
LP-092-2015-01806,5579260ae4b0995d5089adbb
LP-092-2015-01806,5579260ae4b0995d5089adbc
LP-092-2015-01878,55517ae1e4b0fc474b7e2468
LP-092-2015-01878,55517ae1e4b0fc474b7e2469
LP-092-2015-01878,55517ae1e4b0fc474b7e246a
LP-092-2015-01878,55517ae1e4b0fc474b7e246b
LP-092-2015-01878,55517ae1e4b0fc474b7e246c
LP-092-2015-01878,55517ae1e4b0fc474b7e246d
LP-092-2015-01878,55517ae1e4b0fc474b7e246e
LP-092-2015-01878,55517ae1e4b0fc474b7e246f
LP-092-2015-01878,55517ae1e4b0fc474b7e2470
LP-092-2015-01878,55517ae1e4b0fc474b7e2471
LP-092-2015-01878,55517ae1e4b0fc474b7e2472
LP-092-2015-01878,55517ae1e4b0fc474b7e2473
LP-092-2015-01878,55517ae1e4b0fc474b7e2474
LP-092-2015-01878,55517ae1e4b0fc474b7e2475
LP-092-2015-02062,55f10064e4b08e24dfd6c772
LP-092-2015-02062,55f10064e4b08e24dfd6c777
LP-092-2015-02062,55f10064e4b08e24dfd6c778
LP-092-2015-02062,55f10064e4b08e24dfd6c779
LP-092-2015-02062,55f10064e4b08e24dfd6c77a
LP-092-2015-02062,55f10064e4b08e24dfd6c786
LP-092-2015-02064,55f10064e4b08e24dfd6c769
LP-092-2015-02064,55f10064e4b08e24dfd6c76e
LP-092-2015-02064,55f10064e4b08e24dfd6c770
LP-092-2015-02064,55f10064e4b08e24dfd6c772
LP-092-2015-02064,55f10064e4b08e24dfd6c775
LP-092-2015-02064,55f10064e4b08e24dfd6c777
LP-092-2015-02064,55f10064e4b08e24dfd6c778
LP-092-2015-02064,55f10064e4b08e24dfd6c779
LP-092-2015-02064,55f10064e4b08e24dfd6c77a
LP-092-2015-02064,55f10064e4b08e24dfd6c786
LP-106-2014-00169,539aa1c9e4b0dbf25b1b9a9f
LP-106-2014-00195,53b63c11e4b05e7aecc3b52b
LP-106-2014-00195,53b63c11e4b05e7aecc3b52c
LP-106-2014-00195,53b63c11e4b05e7aecc3b52d
LP-106-2014-00195,53b63c11e4b05e7aecc3b52e
LP-106-2014-00196,53b63c11e4b05e7aecc3b523
LP-106-2014-00196,53b63c11e4b05e7aecc3b524
LP-106-2014-00196,53b63c11e4b05e7aecc3b525
LP-106-2014-00196,53b63c11e4b05e7aecc3b526
LP-106-2014-00196,53b63c11e4b05e7aecc3b527
LP-106-2014-00196,53b63c11e4b05e7aecc3b528
LP-106-2014-00196,53b63c11e4b05e7aecc3b529
LP-106-2014-00196,53b63c11e4b05e7aecc3b52a
LP-106-2014-00196,53b63c11e4b05e7aecc3b52b
LP-106-2014-00196,53b63c11e4b05e7aecc3b52c
LP-106-2014-00196,53b63c11e4b05e7aecc3b52d
LP-106-2014-00196,53b63c11e4b05e7aecc3b52e
LP-106-2014-00222,53ad0490e4b05e7aecc3a976
LP-106-2014-00222,53ad0490e4b05e7aecc3a977
LP-106-2014-00222,53ad0490e4b05e7aecc3a978
LP-106-2014-00222,53ad0490e4b05e7aecc3a979
LP-106-2014-00222,53ad0490e4b05e7aecc3a97a
LP-106-2014-00222,53ad0490e4b05e7aecc3a97b
LP-106-2014-00222,53ad0490e4b05e7aecc3a97c
LP-106-2014-00222,53ad0490e4b05e7aecc3a97d
LP-106-2014-00222,53ad0490e4b05e7aecc3a97e
LP-106-2015-00467,557ac8f8e4b032f2064f1691
LP-106-2015-00467,557ac8f8e4b032f2064f1694
LP-106-2015-00467,557ac8f8e4b032f2064f1696
LP-106-2015-00467,557ac8f8e4b032f2064f1698
LP-106-2015-00467,557ac8f8e4b032f2064f1699
LP-106-2015-00467,557ac8f8e4b032f2064f169a
LP-106-2015-00467,557ac8f8e4b032f2064f169b
LP-106-2015-00467,557ac8f8e4b032f2064f169c
LP-106-2015-00556,55794561e4b0995d5089b4ff
LP-106-2015-00556,55794561e4b0995d5089b503
LP-106-2015-00556,55794561e4b0995d5089b504
LP-106-2015-00556,55794561e4b0995d5089b505
LP-106-2015-00556,55794561e4b0995d5089b506
LP-106-2015-00921,557ac3b1e4b032f2064f14ff
LP-106-2015-00921,557ac3b1e4b032f2064f1500
LP-106-2015-00921,557ac3b1e4b032f2064f1501
LP-106-2015-00921,557ac3b1e4b032f2064f1502
LP-106-2015-00921,557ac3b1e4b032f2064f1503
LP-106-2015-00944,560d2a3428e06f0cda0050e2
LP-106-2015-00944,560d2a3428e06f0cda0050e3
LP-106-2015-00944,560d2a3428e06f0cda0050e4
LP-109-2015-00381,55c57ef3e4b0cbcd8061949a
LP-109-2015-00381,55c57ef3e4b0cbcd8061949b
LP-109-2015-00381,55c57ef3e4b0cbcd8061949d
LP-109-2015-00381,55c57ef3e4b0cbcd8061949e
LP-109-2015-00381,55c57ef3e4b0cbcd8061949f
LP-109-2015-00381,55c57ef3e4b0cbcd806194a0
LP-109-2015-00381,55c57ef3e4b0cbcd806194a1
LP-109-2015-00381,55c57ef3e4b0cbcd806194a2
LP-109-2015-00381,55c57ef3e4b0cbcd806194a3
LP-109-2015-00381,55c57ef3e4b0cbcd806194a4
LP-109-2015-00381,55c57ef3e4b0cbcd806194a5
LP-109-2015-00381,55c57ef3e4b0cbcd806194a6
LP-109-2015-00381,55c57ef3e4b0cbcd806194a7
LP-139-2015-00127,552f3443e4b0a650fbf5c164
LP-139-2015-00127,552f3443e4b0a650fbf5c165
LP-139-2015-00127,552f3443e4b0a650fbf5c166
LP-139-2015-00127,552f3443e4b0a650fbf5c167
LP-139-2015-00127,552f3443e4b0a650fbf5c168
LP-139-2015-00127,552f3443e4b0a650fbf5c169
LP-139-2015-00127,552f3443e4b0a650fbf5c16a
LP-139-2015-00127,552f3443e4b0a650fbf5c16b
LP-153-2015-00017,54debad2e4b04d89b4c8470f
LP-153-2015-00017,54debad2e4b04d89b4c84710
LP-153-2015-00017,54debad2e4b04d89b4c84711
LP-186-2015-00259,5485a3efe4b0853a68dde0c4
LP-186-2015-00259,5485a3efe4b0853a68dde0c5
LP-186-2015-00259,5485a3efe4b0853a68dde0c6
LP-186-2015-00259,5485a3efe4b0853a68dde0c7
LP-186-2015-00259,5485a3efe4b0853a68dde0c8
LP-186-2015-00259,5485a3efe4b0853a68dde0c9
LP-186-2015-00259,5485a3efe4b0853a68dde0ca
LP-186-2015-00259,5485a3efe4b0853a68dde0cb
LP-186-2015-00259,5485a3efe4b0853a68dde0cc
LP-186-2015-00384,5461d85ae4b0c8fd7839ca8b
LP-186-2015-00384,5461d85ae4b0c8fd7839ca8e
LP-186-2015-00384,5461d85ae4b0c8fd7839ca8f
LP-186-2015-00384,5461d85ae4b0c8fd7839ca90
LP-186-2015-00384,5461d85ae4b0c8fd7839ca91
LP-186-2015-00384,5461d85ae4b0c8fd7839ca92
LP-186-2015-00391,5514e46ae4b0375eaf3e1abb
LP-186-2015-00391,5514e46ae4b0375eaf3e1abc
LP-186-2015-00391,5514e46ae4b0375eaf3e1abd
LP-186-2015-00391,5514e46ae4b0375eaf3e1abe
LP-186-2015-00391,5514e46ae4b0375eaf3e1abf
LP-186-2015-00392,5514e46ae4b0375eaf3e1ab7
LP-186-2015-00392,5514e46ae4b0375eaf3e1ab8
LP-186-2015-00392,5514e46ae4b0375eaf3e1ab9
LP-186-2015-00392,5514e46ae4b0375eaf3e1aba
LP-186-2015-00392,5514e46ae4b0375eaf3e1abb
LP-186-2015-00392,5514e46ae4b0375eaf3e1abc
LP-186-2015-00392,5514e46ae4b0375eaf3e1abd
LP-186-2015-00392,5514e46ae4b0375eaf3e1abe
LP-186-2015-00392,5514e46ae4b0375eaf3e1abf
LP-186-2015-00493,55079937e4b0ed3dd20c42d5
LP-186-2015-00493,55079937e4b0ed3dd20c42d8
LP-186-2015-00493,55079937e4b0ed3dd20c42da
LP-186-2015-00493,55079937e4b0ed3dd20c42db
LP-186-2015-00493,55079937e4b0ed3dd20c42dc
LP-186-2015-00493,55079937e4b0ed3dd20c42dd
LP-186-2015-00493,55079937e4b0ed3dd20c42de
LP-186-2015-00495,55444bf8e4b0a5fb7a7ae4f2
LP-186-2015-00495,55444bf8e4b0a5fb7a7ae4f3
LP-186-2015-00495,55444bf8e4b0a5fb7a7ae4f6
LP-186-2015-00495,55444bf8e4b0a5fb7a7ae4f7
LP-186-2015-00495,55444bf8e4b0a5fb7a7ae4f8
LP-186-2015-00495,55444bf8e4b0a5fb7a7ae4f9
LP-186-2015-00496,550590c3e4b0b4480f4f3176
LP-186-2015-00496,550590c3e4b0b4480f4f3178
LP-186-2015-00496,550590c3e4b0b4480f4f317b
LP-186-2015-00496,550590c3e4b0b4480f4f317e
LP-186-2015-00496,550590c3e4b0b4480f4f317f
LP-186-2015-00496,550590c3e4b0b4480f4f3180
LP-186-2015-00496,550590c3e4b0b4480f4f3181
LP-186-2015-00496,550590c3e4b0b4480f4f3182
LP-186-2015-00496,5505a690e4b0b4480f4f31d6
LP-186-2015-00496,5505a6c4e4b0b4480f4f31db
LP-186-2015-00960,55c821f8e4b0ff07da23b881
LP-186-2015-00960,55c821f8e4b0ff07da23b882
LP-186-2015-00960,55c821f8e4b0ff07da23b883
LP-186-2015-00960,55c821f8e4b0ff07da23b884
LP-186-2015-00960,55c821f8e4b0ff07da23b885
LP-186-2015-01126,5600d2f028e06f67a6d6f47b
LP-186-2015-01126,5600d2f028e06f67a6d6f47e
LP-186-2015-01126,5600d2f028e06f67a6d6f480
LP-186-2015-01126,5600d2f028e06f67a6d6f481
LP-186-2015-01126,5600d2f028e06f67a6d6f482
LP-186-2015-01126,5600d2f028e06f67a6d6f483
LP-186-2015-01126,5600d2f028e06f67a6d6f484
LP-244-2014-00019,534bc424e4b05fee98726a27
LP-244-2014-00019,534bc424e4b05fee98726a2b
LP-244-2014-00019,534bc424e4b05fee98726a31
LP-245-2015-00056,548bac3ce4b0e790ec1b191d
LP-245-2015-00056,548bac3ce4b0e790ec1b191e
LP-245-2015-00056,548bac3ce4b0e790ec1b191f
LP-245-2015-00056,548bac3ce4b0e790ec1b1920
LP-245-2015-00056,548bac3ce4b0e790ec1b1921
LP-245-2015-00056,548bac3ce4b0e790ec1b1922
LP-245-2015-00056,548bac3ce4b0e790ec1b1923
LP-245-2015-00056,548bac3ce4b0e790ec1b1924
LP-245-2015-00056,548bac3ce4b0e790ec1b1925
LP-245-2015-00056,548bac3ce4b0e790ec1b1926
LP-245-2015-00056,548bac3ce4b0e790ec1b1927
LP-245-2015-00056,548bac3ce4b0e790ec1b1928
LP-245-2015-00056,548bac3ce4b0e790ec1b1929
LP-245-2015-00056,548bac3ce4b0e790ec1b192a
LP-305-2017-00195,591a6de828e06f7b37f3df29
LP-444-2015-00360,5493d508e4b039c93d1dc015
LP-444-2015-00360,5493d508e4b039c93d1dc016
LP-444-2015-00360,5493d508e4b039c93d1dc017
LP-444-2015-00360,5493d508e4b039c93d1dc019
LP-444-2015-00360,5493d508e4b039c93d1dc01b
LP-444-2015-00360,5493d508e4b039c93d1dc01c
LP-444-2015-00360,5493d508e4b039c93d1dc01d
LP-444-2015-00360,5493d508e4b039c93d1dc01e
LP-444-2015-00360,5493d508e4b039c93d1dc01f
LP-444-2015-00360,5493d508e4b039c93d1dc020
LP-444-2015-00360,5493d508e4b039c93d1dc021
LP-444-2015-00360,5493d508e4b039c93d1dc022
LP-444-2015-00360,54c1dc30e4b0eb8a817d1298
LP-444-2015-00607,55274b74e4b0571a78d4e100
LP-444-2015-00607,55274b74e4b0571a78d4e101
LP-444-2015-00607,55274b74e4b0571a78d4e102
LP-444-2015-00607,55274b74e4b0571a78d4e103
LP-444-2015-00607,55274b74e4b0571a78d4e104
LP-444-2015-00607,55274b74e4b0571a78d4e105
LP-444-2015-00607,55274b74e4b0571a78d4e106
LP-444-2015-00607,55274b74e4b0571a78d4e107
LP-444-2015-00607,55274b74e4b0571a78d4e108
LP-444-2015-00607,55274b74e4b0571a78d4e109
LP-444-2015-00607,55274b74e4b0571a78d4e10a
LP-444-2015-00607,55274b74e4b0571a78d4e10b
LP-444-2015-00607,55274b74e4b0571a78d4e10c
LP-444-2015-00607,55274b74e4b0571a78d4e10d
LP-444-2015-00607,55274b74e4b0571a78d4e10e
LP-444-2015-00607,55274b74e4b0571a78d4e10f
LP-444-2015-00607,55274b74e4b0571a78d4e110
LP-444-2015-00607,55274b74e4b0571a78d4e111
LP-444-2015-00668,55029fcfe4b0b4480f4f25c0
LP-444-2015-00668,55029fcfe4b0b4480f4f25c1
LP-444-2015-00668,55029fcfe4b0b4480f4f25c2
LP-444-2015-00668,55029fcfe4b0b4480f4f25c3
LP-444-2015-00668,55029fcfe4b0b4480f4f25c4
LP-444-2015-00668,55029fcfe4b0b4480f4f25c5
LP-444-2015-00668,55029fcfe4b0b4480f4f25c6
LP-444-2015-00668,55029fcfe4b0b4480f4f25c7
LP-444-2015-00668,55029fcfe4b0b4480f4f25c8
LP-444-2015-00668,55029fcfe4b0b4480f4f25c9
LP-444-2015-00668,55029fcfe4b0b4480f4f25cb
LP-444-2015-00668,55029fcfe4b0b4480f4f25cc
LP-444-2015-00668,55029fcfe4b0b4480f4f25cd
LP-444-2015-00668,55029fcfe4b0b4480f4f25ce
LP-444-2015-00668,55029fcfe4b0b4480f4f25cf
LP-491-2014-00107,531564d9e4b0882704815a78
LP-491-2014-00107,531564d9e4b0882704815a79
LP-491-2014-00107,531564d9e4b0882704815a7c
LP-491-2014-00107,531564d9e4b0882704815a7d
LP-491-2014-00107,531564d9e4b0882704815a7e
LP-491-2014-00107,531564d9e4b0882704815a7f
LP-491-2014-00137,532802e4e4b0383262032df8
LP-491-2014-00137,532802e4e4b0383262032df9
LP-491-2014-00176,533b95f1e4b0c568837cc3c4
LP-491-2014-00499,53cde7bfe4b058ac129b76ec
LP-491-2014-00499,53cde7bfe4b058ac129b76ed
LP-491-2014-00499,53cde7bfe4b058ac129b76ef
LP-491-2014-00499,53cde7bfe4b058ac129b76f0
LP-491-2014-00499,53cde7bfe4b058ac129b76f1
LP-491-2014-00499,53cde7bfe4b058ac129b76f2
LP-491-2014-00499,53cde7bfe4b058ac129b76f3
LP-491-2014-00499,53cde7bfe4b058ac129b76f4
LP-491-2014-00499,53cde7bfe4b058ac129b76f5
LP-491-2014-00499,53cde7bfe4b058ac129b76f6
LP-491-2014-00499,53cde7bfe4b058ac129b76f7
LP-491-2014-00499,53cde7bfe4b058ac129b76f8
LP-491-2015-00127,53bb73eee4b0a13c3a7203f9
LP-491-2015-00127,53bb73eee4b0a13c3a7203fb
LP-491-2015-00127,53bb73eee4b0a13c3a7203fc
LP-491-2015-00127,53bb73eee4b0a13c3a7203fd
LP-491-2015-00127,53bb73eee4b0a13c3a7203fe
LP-491-2015-00127,53bb73eee4b0a13c3a7203ff
LP-491-2015-00127,53bb73eee4b0a13c3a720400
LP-491-2015-00127,53bb73eee4b0a13c3a720401
LP-491-2015-00127,53bb73eee4b0a13c3a720402
LP-491-2015-00128,53bb73eee4b0a13c3a7203ed
LP-491-2015-00128,53bb73eee4b0a13c3a7203ee
LP-491-2015-00128,53bb73eee4b0a13c3a7203ef
LP-491-2015-00128,53bb73eee4b0a13c3a7203f0
LP-491-2015-00128,53bb73eee4b0a13c3a7203f1
LP-491-2015-00128,53bb73eee4b0a13c3a7203f2
LP-491-2015-00128,53bb73eee4b0a13c3a7203f3
LP-491-2015-00128,53bb73eee4b0a13c3a7203f4
LP-491-2015-00128,53bb73eee4b0a13c3a7203f5
LP-491-2015-00128,53bb73eee4b0a13c3a7203f6
LP-491-2015-00128,53bb73eee4b0a13c3a7203f7
LP-491-2015-00128,53bb73eee4b0a13c3a7203f8
LP-491-2015-00128,53bb73eee4b0a13c3a7203f9
LP-491-2015-00128,53bb73eee4b0a13c3a7203fa
LP-491-2015-00128,53bb73eee4b0a13c3a7203fb
LP-491-2015-00128,53bb73eee4b0a13c3a7203fc
LP-491-2015-00128,53bb73eee4b0a13c3a7203fd
LP-491-2015-00128,53bb73eee4b0a13c3a7203fe
LP-491-2015-00128,53bb73eee4b0a13c3a7203ff
LP-491-2015-00128,53bb73eee4b0a13c3a720400
LP-491-2015-00128,53bb73eee4b0a13c3a720401
LP-491-2015-00128,53bb73eee4b0a13c3a720402
LP-529-2014-00120,5391a9d4e4b0dbf25b1b8db5
LP-529-2014-00120,5391a9d4e4b0dbf25b1b8db6
LP-529-2014-00120,5391a9d4e4b0dbf25b1b8db7
LP-529-2014-00120,5391a9d4e4b0dbf25b1b8db8
LP-529-2014-00120,5391a9d4e4b0dbf25b1b8db9
LP-529-2014-00121,5391a9d4e4b0dbf25b1b8db4
LP-529-2014-00121,5391a9d4e4b0dbf25b1b8db5
LP-529-2014-00121,5391a9d4e4b0dbf25b1b8db6
LP-529-2014-00121,5391a9d4e4b0dbf25b1b8db7
LP-529-2014-00121,5391a9d4e4b0dbf25b1b8db8
LP-529-2014-00121,5391a9d4e4b0dbf25b1b8db9
LP-529-2015-00154,53142409e4b0882704815821
LP-529-2015-00154,53142409e4b0882704815822
LP-529-2015-00154,53142409e4b0882704815824
LP-638-2015-00177,55d55160e4b083e95f28cd82
LP-638-2015-00177,55d55160e4b083e95f28cd8a
LP-638-2015-00177,55d55160e4b083e95f28cd8b
LP-638-2015-00177,55d55160e4b083e95f28cd8c
LP-638-2015-00177,55d55160e4b083e95f28cd8d
LP-638-2015-00177,55d55160e4b083e95f28cd8e
LP-638-2015-00177,55d55160e4b083e95f28cd8f
LP-638-2015-00177,55d55160e4b083e95f28cd90
LP-638-2015-00177,55d55160e4b083e95f28cd91
LP-680-2015-00038,5502539ae4b063eb12c145f3
LP-680-2015-00038,5502539ae4b063eb12c145f4
LP-680-2015-00038,5502539ae4b063eb12c145f5
LP-680-2015-00038,5502539ae4b063eb12c145f6
LP-680-2015-00038,5502539ae4b063eb12c145f8
LP-680-2015-00038,5502539ae4b063eb12c145f9
LP-680-2015-00038,5502539ae4b063eb12c145fb
LP-680-2015-00038,5502539ae4b063eb12c145fd
LP-680-2015-00038,5502539ae4b063eb12c145fe
LP-680-2015-00038,5502539ae4b063eb12c145ff
LP-680-2015-00038,5502539ae4b063eb12c14600
LP-680-2015-00038,5502539ae4b063eb12c14601
LP-680-2015-00039,5502539ae4b063eb12c145f1
LP-680-2015-00039,5502539ae4b063eb12c145f2
LP-680-2015-00039,5502539ae4b063eb12c145f3
LP-680-2015-00039,5502539ae4b063eb12c145f4
LP-680-2015-00039,5502539ae4b063eb12c145f5
LP-680-2015-00039,5502539ae4b063eb12c145f6
LP-680-2015-00039,5502539ae4b063eb12c145f7
LP-680-2015-00039,5502539ae4b063eb12c145f8
LP-680-2015-00039,5502539ae4b063eb12c145f9
LP-680-2015-00039,5502539ae4b063eb12c145fa
LP-680-2015-00039,5502539ae4b063eb12c145fb
LP-680-2015-00039,5502539ae4b063eb12c145fc
LP-680-2015-00039,5502539ae4b063eb12c145fd
LP-680-2015-00039,5502539ae4b063eb12c145fe
LP-680-2015-00039,5502539ae4b063eb12c145ff
LP-680-2015-00039,5502539ae4b063eb12c14600
LP-680-2015-00039,5502539ae4b063eb12c14601
LP-680-2015-00071,5541a987e4b078e1ff8f0538
LP-680-2015-00071,5541a987e4b078e1ff8f053d
LP-680-2015-00071,5541a987e4b078e1ff8f0543
LP-680-2015-00071,5541a987e4b078e1ff8f0545
LP-680-2015-00071,5541a987e4b078e1ff8f0546
LP-680-2015-00071,5541a987e4b078e1ff8f0547
LP-680-2015-00071,5541a987e4b078e1ff8f0548
LP-680-2015-00087,5541a987e4b078e1ff8f0538
LP-680-2015-00087,5541a987e4b078e1ff8f0539
LP-680-2015-00087,5541a987e4b078e1ff8f053a
LP-680-2015-00087,5541a987e4b078e1ff8f053b
LP-680-2015-00087,5541a987e4b078e1ff8f053c
LP-680-2015-00087,5541a987e4b078e1ff8f053d
LP-680-2015-00087,5541a987e4b078e1ff8f053e
LP-680-2015-00087,5541a987e4b078e1ff8f053f
LP-680-2015-00087,5541a987e4b078e1ff8f0540
LP-680-2015-00087,5541a987e4b078e1ff8f0541
LP-680-2015-00087,5541a987e4b078e1ff8f0542
LP-680-2015-00087,5541a987e4b078e1ff8f0543
LP-680-2015-00087,5541a987e4b078e1ff8f0544
LP-680-2015-00087,5541a987e4b078e1ff8f0545
LP-680-2015-00087,5541a987e4b078e1ff8f0546
LP-680-2015-00087,5541a987e4b078e1ff8f0547
LP-680-2015-00087,5541a987e4b078e1ff8f0548
LP-753-2014-00021,52e24b94e4b0c6a5d50c6e53
LP-753-2014-00021,52e24b94e4b0c6a5d50c6e54
LP-753-2014-00021,52e24b94e4b0c6a5d50c6e55
LP-753-2014-00021,52e24b94e4b0c6a5d50c6e56
LP-753-2014-00021,52e24b94e4b0c6a5d50c6e57
LP-753-2014-00021,52e24b94e4b0c6a5d50c6e58
LP-753-2014-00021,52e24b94e4b0c6a5d50c6e59
LP-753-2014-00021,52e24b94e4b0c6a5d50c6e5a
LP-753-2014-00021,52e24b94e4b0c6a5d50c6e5b
LP-753-2014-00021,52e24b94e4b0c6a5d50c6e5c
LP-790-2015-00279,54e400f0e4b0f3e020e497c4
LP-790-2015-00279,54e400f0e4b0f3e020e497c5
LP-790-2015-00279,54e400f0e4b0f3e020e497c6
LP-790-2015-00279,54e400f0e4b0f3e020e497c7
LP-853-2015-00164,55f3a432e4b045cd7805696d
LP-853-2015-00164,55f3a432e4b045cd7805696e
LP-853-2015-00164,55f3a432e4b045cd7805696f
LP-853-2015-00164,55f3a432e4b045cd78056970
LP-853-2015-00164,55f3a432e4b045cd78056971
LP-853-2015-00164,55f3a432e4b045cd78056972
LP-853-2015-00164,55f3a432e4b045cd78056973
LP-853-2015-00164,55f3a432e4b045cd78056974
LP-853-2015-00164,55f3a432e4b045cd78056975
LP-853-2015-00164,55f3a432e4b045cd78056976
LP-853-2015-00164,55f3a432e4b045cd78056977
LP-853-2015-00164,55f3a432e4b045cd78056978
LP-853-2015-00164,55f3a432e4b045cd78056979
LP-853-2015-00164,55f3a432e4b045cd7805697a
LP-853-2015-00164,55f3a432e4b045cd7805697b
LP-853-2015-00164,55f3a432e4b045cd7805697c
LP-853-2015-00164,55f3a432e4b045cd7805697d
LP-853-2015-00164,55f3a432e4b045cd7805697e
LP-853-2015-00164,55f3a432e4b045cd7805697f
LP-853-2015-00164,55f3a432e4b045cd78056980
LP-858-2015-00219,55386ec5e4b09d2de825bc98
LP-858-2015-00219,55386ec5e4b09d2de825bc99
LP-858-2015-00219,55386ec5e4b09d2de825bc9a
LP-858-2015-00219,55386ec5e4b09d2de825bc9b
LP-858-2015-00219,55386ec5e4b09d2de825bc9c
LP-858-2015-00265,5580f14de4b08a295551b64e
LP-858-2015-00265,5580f14de4b08a295551b64f
LP-858-2015-00265,5580f14de4b08a295551b650
LP-858-2015-00265,5580f14de4b08a295551b651
LP-858-2015-00265,5580f14de4b08a295551b652
LP-858-2015-00403,5577b725e4b07175874140ba
LP-858-2015-00403,5577b725e4b07175874140bb
LP-858-2015-00403,5577b725e4b07175874140bc
LP-858-2015-00403,5577b725e4b07175874140bd
LP-858-2015-00403,5577b725e4b07175874140be
LP-858-2015-00403,5577b725e4b07175874140bf
